Direccion;Barrio;Latitud;Longitud;Tipo_vivienda;Dproymes;Localidad;Cod_proyecto;Proyecto;
Cr. 92 # 149-30;Campiña;4.7447;-74.084;No VIS;3;Suba;20275;Colinas de Suba;
Cr. 7 # 126-30;Pinar de Santa Bárbara;4.7016;-74.0282;No VIS;38;Usaquén;30712;Reserva de la Sierra;
Tv. 19A # 96-56;Chicó;4.684;-74.0535;No VIS;2;Chapinero;30959;Oqyana;
Av. Suba con 119;Córdoba;4.7066;-74.0675;No VIS;18;Suba;31238;Provenza Imperial;
Cl. 94 # 21-59;Chicó;4.6816;-74.0568;No VIS;5;Chapinero;31422;Art 94;
Cl. 140 # 20-35;Nueva Autopista;4.7236;-74.0485;No VIS;2;Usaquén;31428;Axxes 140;
Cl. 133 # 19-59;Calleja;4.7166;-74.0479;No VIS;24;Usaquén;31451;Area 19;
Cl. 92 # 14-23;Chicó;4.6754;-74.0522;No VIS;5;Chapinero;31486;Massilia;
Cl. 88 # 13-25;Cabrera;4.6719;-74.0524;No VIS;4;Chapinero;31502;El Palco;
Cr. 18C # 123-83;Santa Bárbara;4.7042;-74.0483;No VIS;2;Usaquén;31512;Absolut 123;
Cr. 23 # 137-41;Nueva Autopista;4.723;-74.0503;No VIS;3;Usaquén;31521;Parque de Alcalá;
Tv. 88 # 145-32;Suba;4.7385;-74.0827;No VIS;8;Suba;31542;Cerros de la Lorena;
Cr. 7 # 93-20;Chicó;4.6727;-74.0429;No VIS;2;Chapinero;31567;Vitrum;
Cl. 139 # 96A-35;Suba;4.7387;-74.092;No VIS;63;Suba;31588;Altos de San Jorge;
Cl. 153 # 109B-18;Las Mercedes;4.7575;-74.0946;No VIS;16;Suba;31591;Bosque de Tulipanes;
Cl. 127BBis # 19-36;Calleja;4.7096;-74.049;No VIS;4;Usaquén;31600;Montserrat 127..;
Cr. 89 # 147B-68;S. C. Suba Urbano;4.743;-74.082;No VIS;2;Suba;31605;Agora Casas;
Cl. 121 # 3A-20;Pinar de Santa Bárbara;4.6954;-74.0267;No VIS;7;Usaquén;31613;Cerros de los Alpes III;
Cr. 8 # 127A-01;Bella Suiza;4.7046;-74.0323;No VIS;3;Usaquén;31629;Parque BS;
Dg. 72 # 1-52 Este;Rosales;4.6531;-74.0507;No VIS;5;Chapinero;31635;Lumini;
Cr. 19A # 107-14;Chicó Navarra;4.6948;-74.0512;No VIS;1;Usaquén;31646;Paloalto;
Tv. 5 # 86-91;Rosales;4.6664;-74.045;No VIS;4;Chapinero;31651;Cenit de la Cabrera;
Cr. 16 # 101-46;San Patricio;4.6868;-74.0485;No VIS;1;Usaquén;31652;Tekto Navarra;
Av. Cl. 145 # 114A-50;Córdoba;4.6975;-74.0688;No VIS;1;Suba;31654;Ilarco 114;
Cl. 118 # 11A-05;Santa Bárbara;4.6965;-74.0376;No VIS;1;Usaquén;31656;Vita 118;
Cl. 126D # 104-01;Corinto;4.7284;-74.1023;No VIS;51;Suba;31669;Mirador Corinto Reservado;
Cr. 14A # 109-81;Santa Paula;4.6928;-74.0433;No VIS;1;Usaquén;31670;Jade Plus +;
Cl. 92 # 17-31;Chicó;4.6766;-74.0543;No VIS;5;Chapinero;31675;La Toscana;
Cl. 85 # 7-16;Chicó;4.6655;-74.0469;No VIS;7;Chapinero;31679;Icon Cabrera +;
Cr. 16 # 93-21;Chicó;4.6777;-74.0525;No VIS;4;Chapinero;31680;Balcony 93-16 +;
Cl. 106 # 19A-23;Chicó Navarra;4.6928;-74.0405;No VIS;1;Usaquén;31681;Saga 106;
Cr. 7BBis # 126-84;Santa Bárbara;4.7023;-74.0308;No VIS;1;Usaquén;31688;El Roble 127;
Cr. 7C # 127-44;Bella Suiza;4.7034;-74.0308;No VIS;1;Usaquén;31689;Bau 127;
Cr. 17 # 93A-38;Chicó;4.6787;-74.0527;No VIS;3;Chapinero;31690;Orvieto;
Cl. 109 # 21-57;Chicó Navarra;4.696;-74.0544;No VIS;3;Usaquén;31694;Loretto 109;
Cr. 14A # 127A-36;La Carolina;4.7061;-74.0415;No VIS;3;Usaquén;31702;Marankal;
Cr. 100 # 148-84;Campiña;4.7444;-74.0906;No VIS;2;Suba;31706;Valle del Refous II;
Cr. 13 # 119-71;Santa Bárbara;4.6999;-74.04;No VIS;4;Usaquén;31711;Laya 119;
Cl. 128B # 19-40;Calleja;4.7134;-74.0484;No VIS;30;Usaquén;31718;Saint Thomas;
Cl. 105 # 19A-74;Chicó Navarra;4.6926;-74.053;No VIS;2;Usaquén;31722;Platino Park 105;
Cl. 97 # 21-23;Chicó;4.6841;-74.0554;No VIS;14;Chapinero;31730;Botanika Otium;
Cl. 108 # 45A-51;Pasadena;4.6953;-74.0568;No VIS;2;Suba;31738;Akantos 108 +;
Cr. 18 # 84-56;Antiguo Country;4.6703;-74.0571;No VIS;9;Chapinero;31748;Country 85;
Cl. 88 # 7A-25;Cabrera;4.669;-74.0463;No VIS;10;Chapinero;31749;88 x 8 +;
Cr. 11BBis # 118-97;Santa Bárbara;4.6981;-74.0376;No VIS;2;Usaquén;31756;Lerén 118;
Cr. 51 # 102A-64;Pasadena;4.6909;-74.0618;No VIS;4;Suba;31758;Fenicia Aptos.;
Cr. 23 # 103A-31;Chicó Navarra;4.7018;-74.0533;No VIS;3;Usaquén;31768;Mint 1;
Cl. 121 # 47-56;El Batán;4.7029;-74.0573;No VIS;5;Suba;31769;Villa Pau III;
Cr. 5 # 127B-05;Bella Suiza Oriental;4.7046;-74.0258;No VIS;3;Usaquén;31770;Altos de Bella Suiza;
Cl. 120 # 15A-44;Santa Bárbara;4.6996;-74.0443;No VIS;4;Usaquén;31772;Quanttico 120;
Cr. 7C # 138-52;Belmira;4.7167;-74.031;No VIS;40;Usaquén;31773;Altos de Belmira;
Cr. 7 # 81-26;Cabrera;4.6624;-74.0491;No VIS;8;Chapinero;31776;Metropolitano +;
Cr. 9Bis # 97-20;Chicó;4.679;-74.0426;No VIS;5;Chapinero;31778;Prato +;
Cr. 13A # 109-97;Santa Paula;4.6923;-74.0421;No VIS;20;Usaquén;31782;Alturia 109;
Cl. 98 # 19A-21;Chicó;4.6849;-74.0535;No VIS;1;Chapinero;31783;Artek 98 +;
Cl. 92 # 14-11;Chicó;4.6753;-74.0518;No VIS;4;Chapinero;31789;Novo 92 +;
Cr. 7A # 122-09;Santa Bárbara;4.6986;-74.0312;No VIS;3;Usaquén;31790;Maralta;
Dg. 76 # 1-45;Rosales;4.6552;-74.05;No VIS;1;Chapinero;31791;Solhe;
Cl. 114A # 15-63;Santa Bárbara;4.6955;-74.044;No VIS;9;Usaquén;31795;Urban - Atenea +;
Cr. 15 # 127A-26;La Carolina;4.7069325;-74.042392;No VIS;4;Usaquén;31797;Nou La Carolina;
Cl. 134 # 19A-46;Nueva Autopista;4.7186;-74.0485;No VIS;8;Usaquén;31799;KD Essential;
Cl. 92 # 16-30;Chicó;4.6769;-74.0535;No VIS;2;Chapinero;31803;Liquidambar;
Cr. 11B # 98-36;Chicó;4.6819;-74.0452;No VIS;9;Chapinero;31826;Area 98 +;
Cr. 18A # 134A-17;Contador;4.7192;-74.0463;No VIS;3;Usaquén;31827;Salvatore Apartamentos;
Av. Cl. 145 # 119A-58;Córdoba;4.7069;-74.0702;No VIS;69;Suba;31831;Provenza Prestige;
Cl. 92 # 7A-04;Chicó;4.672;-74.0443;No VIS;10;Chapinero;31833;Quintessence Museo +;
Cl. 105A # 14-76;Santa Paula;4.6895;-74.0458;No VIS;2;Usaquén;31835;Zarkis;
Cl. 96 # 19A-80;Chicó;4.6837;-74.0544;No VIS;42;Chapinero;31841;Terrasse City Club;
Cr. 23 # 137-04;Nueva Autopista;4.7217;-74.0507;No VIS;2;Usaquén;31842;Bella Terra;
Cr. 50 # 106-69;Pasadena;4.6958;-74.0607;No VIS;23;Suba;31843;Pasadena 106 +;
Cl. 135B # 12B-18;Nuevo Country;4.7175;-74.0404;No VIS;1;Usaquén;31844;Antique;
Cl. 95 # 21-80;Chicó;4.6833;-74.056;No VIS;10;Chapinero;31846;Urban K;
Av. Cr. 9 # 104-43;Santa Paula;4.6878;-74.0438;No VIS;18;Usaquén;31847;Davidia 104;
Cr. 14 # 117-14;Santa Bárbara;4.6968;-74.0405;No VIS;12;Usaquén;31849;Sakura;
Cr. 19A # 86A-16;Antiguo Country;4.67299;-74.05722;No VIS;3;Chapinero;31850;Kubik Virrey IV;
Cr. 11 # 93A-38;Chicó;4.6761;-74.0465;No VIS;7;Chapinero;31851;Canvas;
Cl. 153 # 103B-76;Suba Salitre;4.7544;-74.0918;No VIS;5;Suba;31854;Pinar Plaza;
Cl. 126A # 7C-37;Santa Bárbara;4.7023;-74.0319;No VIS;4;Usaquén;31856;NT Tower;
Cl. 101 # 16-47;San Patricio;4.6865;-74.0495;No VIS;4;Usaquén;31857;Equilibrium 101 +;
Cr. 19C # 86A-70;Antiguo Country;4.674057;-74.058026;No VIS;1;Chapinero;31859;Uno y Medio;
Cr. 7 # 155-80;Barrancas;4.730812;-74.024131;No VIS;16;Usaquén;31860;North Point House;
Cr. 20 # 120-50;Santa Bárbara;4.701948;-74.051142;No VIS;2;Usaquén;31861;Vìú Park +;
Cl. 134Bis # 17-62;Contador;4.7181;-74.0453;No VIS;8;Usaquén;31862;Country 134;
Cl. 102A # 46-12;Santa Margarita;4.689382;-74.058368;No VIS;3;Suba;31863;Rigel +;
Cl. 128 # 7E- 40;Bella Suiza;4.70977198;-74.03240529;No VIS;4;Usaquén;31865;Catalonia en Bella Suiza ..;
Cl. 104A # 47A-06;Santa Margarita;4.692382;-74.0589379;No VIS;4;Suba;31866;Essena Park +;
Cr. 52 # 106-74;Pasadena;4.695339;-74.062003;No VIS;2;Suba;31867;Vival Pasadena 52;
Cr. 16A # 86A-79;Antiguo Country;4.672698;-74.055272;No VIS;1;Chapinero;31869;Virrey 86A;
Cr. 7ABis # 124-60;Santa Bárbara;4.700799;-74.029927;No VIS;4;Usaquén;31870;Studio 124 Home Office;
Cr. 7A # 130-47;Bella Suiza;4.708892;-74.02939;No VIS;17;Usaquén;31871;Orbba 130;
Cl. 137B # 104-35;Suba;4.740616;-74.09886;No VIS;1;Suba;31873;Ikará;
Cr. 7B # 124-40;Santa Bárbara;4.700667;-74.030832;No VIS;4;Usaquén;31874;Modena 124 +;
Cl. 80 # 7-29;Cabrera;4.662024;-74.050068;No VIS;2;Chapinero;31875;Neos Nogal ..;
Cl. 108 # 17A-18;San Patricio;4.693413;-74.048339;No VIS;6;Usaquén;31877;Kausary;
Cl. 134C # 12B-36;Lisboa;4.716592;-74.040615;No VIS;16;Usaquén;31879;Antique Reservado;
Cr. 15A # 124-22;Santa Bárbara;4.702441;-74.043577;No VIS;7;Usaquén;31880;Buonvivere 124..;
Cr. 22 # 137-71;Nueva Autopista;4.723292;-74.049387;No VIS;9;Usaquén;31881;Area 137;
Cr. 17A # 122-97;Santa Bárbara;4.702233;-74.046163;No VIS;3;Usaquén;31883;Venetto;
Cr. 19 # 93-53;Chicó;4.678678;-74.054735;No VIS;10;Chapinero;31886;Macedonia;
Cl. 108 # 17A-45;San Patricio;4.69371545;-74.04823926;No VIS;8;Usaquén;31889;108 Green Park;
Cl. 134A # 10A-11;Lisboa;4.71690534;-74.03658597;No VIS;2;Usaquén;31894;Dika;
Cr. 16 # 136-60;Contador;4.71869275;-74.04467813;No VIS;3;Usaquén;31895;Black 136;
Cr. 51 # 103B-24;Pasadena;4.691869;-74.061909;No VIS;1;Suba;31897;Portal 51 ..;
Cl. 95 # 20-28;Chicó;4.682682;-74.054784;No VIS;27;Chapinero;31904;Casa Chicó;
Cr. 21 # 118-34;Santa Bárbara;4.700517;-74.050171;No VIS;1;Usaquén;31907;Edificio Calabria;
Cr. 19A # 134-55;Nueva Autopista;4.718896;-74.04809;No VIS;5;Usaquén;31909;Dual 134 House;
Cr. 18 # 93A-18;Chicó;4.6788918;-74.05354347;No VIS;4;Chapinero;31911;Balcony 93-18;
Cr. 19B # 85-63;Antiguo Country;4.672529;-74.058131;No VIS;5;Chapinero;31915;D.C.;
Cl. 135C # 13-40;Lisboa;4.718815;-74.041104;No VIS;3;Usaquén;31917;Kauri 135;
Tv. 5 # 87-42;Rosales;4.667092;-74.044938;No VIS;6;Chapinero;31922;Ed. Porta 87..;
Cl. 82 # 6-13;Rosales;4.662362;-74.048369;No VIS;4;Chapinero;31923;Antia;
Cr. 7B # 146-20;Belmira;4.722076;-74.028203;No VIS;5;Usaquén;31924;Novo 146;
Tv. 21 # 122-81;Santa Bárbara;4.7037721;-74.0516002;No VIS;12;Usaquén;31926;Balcones de Jericó;
Cl. 131A # 19-49;Calleja;4.715514;-74.048375;No VIS;14;Usaquén;31927;Kioto;
Cr. 23 # 103-87;Chicó Navarra;4.690168;-74.055591;No VIS;2;Usaquén;31929;Klee 103;
Cl. 95 # 19A-09;Chicó;4.682498;-74.053866;No VIS;34;Chapinero;31935;Akai 95;
Cr. 4 # 78-01;Rosales;4.658869;-74.050205;No VIS;1;Chapinero;31936;Taller 6;
Cl. 79B # 4-23;Nogal;4.6603;-74.0489;No VIS;9;Chapinero;31937;Serrania de los Nogales Et. II;
Cl. 106 # 17-35;San Patricio;4.692045;-74.047978;No VIS;8;Usaquén;31938;Torre 106 +;
Cr. 49B # 102A-37;Pasadena;4.6903242;-74.0629412;No VIS;38;Suba;31940;Torre de San Simon + ..;
Cl. 106 # 19A-89;Chicó Navarra;4.693281;-74.053165;No VIS;7;Usaquén;31942;Vasily 106;
Cr. 19A # 106A-30;Chicó Navarra;4.69394477;-74.05132463;No VIS;13;Usaquén;31943;Edificio Domus;
Cl. 145A # 16A-13;Cedritos;4.727171;-74.043031;No VIS;55;Usaquén;31944;Cedro Alto II;
Cr. 16 # 143-85;Cedritos;4.72564;-74.042181;No VIS;2;Usaquén;31945;Via al Cedro V;
Cl. 125 # 17A-03;Santa Bárbara;4.703765;-74.045896;No VIS;6;Usaquén;31946;Element 125;
Cr. 20 # 137-68;Nueva Autopista;4.723478;-74.047898;No VIS;6;Usaquén;31948;Osahar II;
Cr. 20 # 134A-53;Nueva Autopista;4.720218;-74.048728;No VIS;1;Usaquén;31949;Thamara;
Cl. 106 # 21-31;Chicó Navarra;4.693302;-74.053671;No VIS;14;Usaquén;31950;Botanika BioPark;
Cr. 54 # 105-08;Puente Largo;4.694164;-74.06345;No VIS;4;Suba;31951;Nesoi;
Cr. 10 # 134B-10;Lisboa;4.714608;-74.033963;No VIS;17;Usaquén;31952;Oporto Aptos;
Av. Cr. 9 # 117A-21;Santa Bárbara;4.695354;-74.034127;No VIS;8;Usaquén;31954;Ipcua;
Cr. 13A # 127-50;La Carolina;4.707163;-74.039946;No VIS;3;Usaquén;31955;Albatross;
Cl. 124 # 18-43;Santa Bárbara;4.703334;-74.047021;No VIS;4;Usaquén;31956;De Cambil 124;
Cl. 87 # 12-55;Cabrera;4.671339;-74.051782;No VIS;8;Chapinero;31957;Trento;
Cl. 104 # 58A-22;Puente Largo;4.691917;-74.065254;No VIS;5;Suba;31958;La Palma;
Cl. 121 # 45A-31;El Batán;4.702454;-74.05604;No VIS;2;Suba;31959;Protos;
Cl. 118 # 21-05;Santa Bárbara;4.699874;-74.052337;No VIS;5;Usaquén;31960;Habitat 118;
Cr. 20 # 127A-05;Calleja;4.707647;-74.050418;No VIS;5;Usaquén;31961;Maleiwa Park;
Tv. 3 # 84-73;Rosales;4.663179;-74.048354;No VIS;20;Chapinero;31962;ULB Gold;
Cl. 103 # 14-21;Santa Paula;4.687172;-74.04803;No VIS;30;Usaquén;31963;High Park;
Cr. 15 # 136-35;Contador;4.720162;-74.043579;No VIS;11;Usaquén;31964;Maré;
Cl. 103A # 47A-14;Santa Margarita;4.690788;-74.061231;No VIS;16;Suba;31965;Balcony 103 +;
Cl. 87 # 19-09;Antiguo Country;4.673586;-74.056376;No VIS;9;Chapinero;31966;Virrey 87 /19;
Cr. 50 # 106-17;Pasadena;4.694922;-74.060695;No VIS;4;Suba;31968;Portal 50.2 ..;
Cl. 92 # 5-25;Chicó;4.671751;-74.042928;No VIS;6;Chapinero;31971;Edificio 5-93 +..;
Cl. 140 # 22-23;Nueva Autopista;4.723894;-74.049547;No VIS;5;Usaquén;31972;Kavala Stanza;
Cr. 17 # 93-40;Chicó;4.677892;-74.053068;No VIS;3;Chapinero;31973;Teide 93;
Cl. 103 # 14-34;Santa Paula;4.67228;-74.055502;No VIS;5;Chapinero;31975;Capital Lofts;
Cl. 110 # 15-36;San Patricio;4.693698;-74.044999;No VIS;9;Usaquén;31976;Natúa 110;
Cr. 51 # 103B-53;Pasadena;4.69204;-74.061969;No VIS;3;Suba;31977;Umbracle Pasadena;
Cl. 126 # 46-25;El Batán;4.706265;-74.055997;No VIS;4;Suba;31978;Torrearte;
Cl. 97 # 11A-52;Chicó;4.68074512;-74.04580655;No VIS;9;Chapinero;31979;Magnolio;
Cl. 84 # 8-48;Cabrera;4.66562532;-74.04901189;No VIS;7;Chapinero;31980;Octava ..;
Cr. 17A # 102-78;Chicó Norte;4.68816261;-74.04979969;No VIS;4;Usaquén;31982;Maderos;
Cr. 16 # 110-60;San Patricio;4.69461344;-74.04556647;No VIS;2;Usaquén;31986;Casa Artek;
Cr. 10B # 134A-21;Lisboa;4.71487695;-74.03606138;No VIS;21;Usaquén;31987;Lisboa Real;
Cr. 14A # 118-81;Santa Bárbara;4.69790327;-74.04168109;No VIS;16;Usaquén;31989;Torre Sakai;
Cr. 21 # 135-60;Nueva Autopista;4.72071311;-74.04896893;No VIS;6;Usaquén;31992;Jaén Aptos;
Cr. 16 # 95-14;Chicó;4.68143432;-74.05020642;No VIS;31;Chapinero;31993;16-95 Apartamentos;
Cr. 18 # 122-44;Santa Bárbara;4.70187542;-74.04669453;No VIS;6;Usaquén;31994;Area 122;
Cr. 11B # 135C-45;Lisboa;4.71669497;-74.03881352;No VIS;42;Usaquén;31995;Rincón de Antigua;
Cr. 14B # 112-45;Santa Bárbara;4.69519472;-74.04277068;No VIS;21;Usaquén;31997;Arona;
Cr. 9 # 104A-39;Santa Paula;4.68810997;-74.04340889;No VIS;44;Usaquén;31998;Luminium;
Cl. 127 # 7-71;Santa Bárbara;4.70192319;-74.02933368;No VIS;47;Usaquén;31999;Uptown 127;
Cl. 103 # 15-60;Chicó Navarra;4.68842171;-74.04797818;No VIS;4;Usaquén;32000;103 Senior Living Aptos;
Cr. 12 # 113-23;Santa Bárbara;4.69383405;-74.0397676;No VIS;8;Usaquén;32001;Bosque Alto;
Cr. 12 # 116-91;Santa Bárbara;4.69673416;-74.03937109;No VIS;6;Usaquén;32002;Grazia;
Cr. 15A # 118-73;Santa Bárbara;4.69831942;-74.04411643;No VIS;13;Usaquén;32003;C 118;
Tv. 58 # 106-41;Puente Largo;4.69413221;-74.06641476;No VIS;5;Suba;32004;Ciento Seis 41 ..;
Cl. 102 Cr. 53;Pasadena;4.68901173;-74.06248934;No VIS;100;Suba;32005;Ciien;
Cr. 7A # 130-07;Bella Suiza;4.7085702;-74.02941996;No VIS;46;Usaquén;32007;Reserva de Ginebra;
Cr. 18 # 93-15;Chicó;4.67819857;-74.05417489;No VIS;12;Chapinero;32010;Area 93 +;
Cr. 48 # 124-69;El Batán;4.70585976;-74.05742014;No VIS;9;Suba;32011;Edificio San Pedro;
Cr. 14A # 103-92;Santa Paula;4.68818107;-74.04595627;No VIS;10;Usaquén;32012;City Live 104;
Cr. 18A # 137-73;Contador;4.72269064;-74.0457708;No VIS;19;Usaquén;32013;Mandala 140;
Cr. 50A # 122-11;El Batán;4.70392378;-74.05952354;No VIS;12;Suba;32014;Miyazu 122;
Cr. 1 # 78-21 Este;Rosales;4.65791138;-74.04758868;No VIS;10;Chapinero;32015;Icono 77 - Rosales ..;
Cl. 112 # 1-03;Santa Ana Oriental;4.68851031;-74.02797251;No VIS;2;Usaquén;32016;Edificio Amaya *;
Cl. 103 Av. 19;Chico Navarra;4.68863517;-74.05194182;No VIS;30;Usaquén;32017;Torre Impulsa;
Cl. 127A # 18B-62;Calleja Alta;4.70759191;-74.04779901;No VIS;17;Usaquén;32018;127 Park;
Cr. 17A # 106A-28;San Patricio;4.69270833;-74.04828988;No VIS;2;Usaquén;32019;Quo 106;
Cl. 122 # 22-25;Santa Bárbara;4.70222488;-74.05287013;No VIS;4;Usaquén;32020;Rissani;
Tv. 23 # 95-79;Chicó;4.683927427;-74.05673847;No VIS;66;Chapinero;32021;96 Click;
Cl. 93 # 16-15;Chicó;4.677145686;-74.05319977;VIS;39;Chapinero;32022;Nova Iorque;
AutoNorte # 95- 86;Chicó;4.684374892;-74.05699842;No VIS;21;Chapinero;32023;Tokyo + Zero;
Cl. 116 # 18B-08;Santa Bárbara;4.698700133;-74.04864963;No VIS;50;Usaquén;32024;Vìú Park 118;
Cr. 19 # 127-44;Calleja Alta;4.706309387;-74.04840291;No VIS;51;Usaquén;32025;Club House 127;
Cr. 18 # 137-58;Cedritos;4.722083878;-74.04478549;No VIS;25;Usaquén;32026;KD Azul;
Cr. 8A # 108A-19;Santa Ana Oriental;4.689679659;-74.03838939;No VIS;47;Usaquén;32027;Torre de la Stazione +;
Cr. 7BBis # 123-44;Santa Bárbara;4.699640242;-74.03164073;No VIS;22;Usaquén;32028;El Roble 124;
Cl. 106A # 57-40;Puente Largo;4.69476818;-74.06635135;No VIS;8;Suba;32029;Edificio Millenium;
Cl. 94 # 17-31;Chicó;4.680082266;-74.05250086;No VIS;27;Chapinero;32030;Benialt 94;
Cr. 15 # 135-04;Nuevo Country;4.717964041;-74.04200163;No VIS;35;Usaquén;32031;Privatto;
Cr. 54 # 106-15;Pasadena;4.694939192;-74.06355376;No VIS;15;Suba;32032;Nativo 106;
Av. Cr. 72 # 129-01;Sotileza;4.723;-74.076;No VIS;2;Suba;40502;BranteVilla Bosque Res.;
Cr. 15 # 173-25;La Alameda;4.7536;-74.0374;No VIS;38;Usaquén;40657;Alameda Plaza;
Cl. 131 # 78A-61;Colinas de Suba;4.7237;-74.0774;No VIS;8;Suba;40709;Bosque Verde;
Cr. 76 # 160-15;Colinas de Suba;4.7449;-74.0724;No VIS;1;Suba;40754;Ventto;
Cr. 79C # 129-20;Colinas de Suba;4.7225;-74.0788;No VIS;2;Suba;40801;Montereserva;
Cr. 11A # 191-52;Maranta;4.7693;-74.032;No VIS;2;Usaquén;40871;Kepler;
Cr. 80 # 151-31;Torreladera;4.7429;-74.0764;No VIS;8;Suba;40929;Torreladera Bosque Res. Aptos.;
Av. Cl. 127 # 87-51;Altos de los Lagartos;4.7135;-74.089;No VIS;1;Suba;40941;Gallery Lagartos;
Av. Cr. 9A # 146-45;Cedritos;4.7249;-74.0326;No VIS;4;Usaquén;40966;Milano Park;
Cr. 87 # 131C-11;Provenza;4.7291;-74.084;No VIS;2;Suba;40999;Camino del Bosque Casas;
Cl. 128B # 80-17;Sotileza;4.7188;-74.0816;No VIS;3;Suba;41004;Cerros de Sotileza;
Cr. 19A # 173-70;La Uribe;4.7548;-74.0408;No VIS;5;Usaquén;41011;Támesis 175;
San Simón vía. Guayamaral;Guaymaral;4.812134;-74.050008;No VIS;4;Suba;41019;El Mimbre *;
Cr. 54D # 134-51;Colina Campestre;4.7234;-74.0607;No VIS;16;Suba;41027;Hacienda Reservada;
Cr. 56 # 167C-70;Britalia Norte;4.752;-74.0574;No VIS;15;Suba;41072;La Bella Fontana;
Cl. 152B # 74-77;Colina Campestre;4.741;-74.0708;No VIS;22;Suba;41081;Nogales;
Cr. 58C # 147-81;Colina Campestre;4.7364;-74.0649;No VIS;4;Suba;41094;Rossetti;
Cl. 161 # 54-25;Sotavento;4.7422;-74.0551;No VIS;52;Suba;41112;Alejandría - Faro;
Cl. 159 # 54-35;Sotavento;4.7403;-74.0556;No VIS;14;Suba;41115;Alejandría - Azimut;
Cr. 54 # 153-75;Sotavento;4.7403;-74.055;No VIS;129;Suba;41116;Alejandría - Vintage;
Cl. 159 # 54-69;Sotavento;4.7404;-74.0563;No VIS;22;Suba;41118;Alejandría - Portus;
Cl. 159 # 54-36;Sotavento;4.7413;-74.0549;No VIS;62;Suba;41119;Alejandría - Mediterráneo;
Cr. 52A # 175-66;Villa del Prado;4.7576;-74.0504;No VIS;66;Suba;41125;Parque Baviera;
Cl. 137 # 55-42;Colina Campestre;4.7254;-74.0613;No VIS;3;Suba;41126;Arany;
Av. Cr. 72 # 93-25;Lagartos;4.6973;-74.0851;No VIS;4;Suba;41127;Pontenovo;
Cr. 7F # 145-88;Cedritos;4.7228;-74.0304;No VIS;2;Usaquén;41131;Imoval XIII;
Cl. 147 # 12-80;Cedritos;4.7275;-74.0361;No VIS;7;Usaquén;41144;Gaia 147;
Cl. 143 # 18-31;Cedritos;4.7245;-74.0451;No VIS;2;Usaquén;41153;ICR 143;
Cr. 81 # 212-41;Guaymaral;4.79238618;-74.06200989;No VIS;1;Suba;41161;Reserva del Otoñal;
Cl. 142 # 11-40;Cedritos;4.7216;-74.0358;No VIS;11;Usaquén;41167;Botanika Telus;
Cl. 168 # 8D-25;Santa Teresa;4.7451;-74.0272;No VIS;30;Usaquén;41174;Terraverde;
Cl. 152C # 72-65;Gratamira;4.7426;-74.067;No VIS;6;Suba;41187;Veramonte - Macana;
Cr. 55 # 152B-68;Mazuren;4.7389;-74.0555;No VIS;6;Suba;41204;Reserva de Mazurén;
Cl. 147 # 11-10;Cedritos;4.7261;-74.0332;No VIS;41;Usaquén;41211;Cedritos 147;
Cr. 55A # 167A-19;Britalia Norte;4.7503;-74.0566;No VIS;2;Suba;41221;Park 170;
Cl. 145 # 15-75;Cedritos;4.7264;-74.0431;No VIS;3;Usaquén;41222;Imoval XIV;
Cr. 7 # 158-51;Barrancas;4.7344;-74.0251;No VIS;107;Usaquén;41226;Séptima Avenida;
Cr. 57 # 160-15;Gilmar;4.7432;-74.0603;No VIS;1;Suba;41230;Terragrata;
Cl. 170 # 56-45;Britalia Norte;4.7535;-74.0578;No VIS;14;Suba;41238;Belgrano;
Cr. 16 # 143-08;Cedritos;4.7247;-74.042;No VIS;1;Usaquén;41239;Cedros 143;
Cl. 152B # 56-62;Colina Campestre;4.7393;-74.0608;No VIS;10;Suba;41240;Klimt;
Cr. 56 # 152B-71;Colina Campestre;4.7399;-74.06;No VIS;72;Suba;41248;Picabia;
Cl. 170 # 7A-17;Santa Teresa;4.7453;-74.0248;No VIS;37;Usaquén;41249;Miramont Park;
Cr. 87 # 131C-11;Provenza;4.7291;-74.084;No VIS;23;Suba;41251;Camino del Bosque Aptos;
Cr. 15 # 145-59;Cedritos;4.7271;-74.0416;No VIS;1;Usaquén;41253;Pinar del Country;
Cl. 147 # 72C-06;Colina Campestre;4.738193;-74.067836;No VIS;112;Suba;41272;Pratum;
Cl. 187A # 8-46;Tibabita;4.7641;-74.0295;No VIS;3;Usaquén;41284;Terrazze 187;
Cl. 150A # 53A-55;Prado Pinzón;4.7336;-74.0552;No VIS;1;Suba;41311;Ed. Confort 150;
Cr. 8D # 192-40;Tibavita;4.7694;-74.03;No VIS;5;Usaquén;41312;Ed. San Rafael;
Cl. 170 # 69-45;Britalia Norte;4.7591;-74.0653;No VIS;141;Suba;41325;Baviera;
Cl. 167D # 8-33;Santa Teresa;4.7447;-74.0257;No VIS;19;Usaquén;41326;Íkona 167;
Cr. 73 # 152B-65;Gratamira;4.7416;-74.0673;No VIS;24;Suba;41330;Veramonte - Teca;
Cl. 183 # 7A-41;San Antonio;4.7601;-74.0278;No VIS;6;Usaquén;41336;Ladera 183;
Cr. 58BBis # 128B-14;Las Villas;4.717;-74.0706;No VIS;2;Suba;41342;Axxes 128;
Cl. 165B # 56B-20;Cantalejo;4.748415;-74.058957;No VIS;3;Suba;41368;Itzatá Reservado;
Cl. 152C # 73-75;Gratamira;4.743505;-74.069871;No VIS;84;Suba;41374;Veramonte - Ébano;
Cr. 72BIS # 152B-25;Gratamira;4.742551;-74.069503;No VIS;92;Suba;41375;Veramonte - Olmo;
Cr. 63 # 103C-18;Andes;4.69146;-74.066808;No VIS;3;Suba;41377;Torre Andes +;
Vda. La Balsa; Guaymaral;Guaymaral;4.8197732;-74.0695196;No VIS;16;Suba;41389;Naples Cond.
Cr. 56 # 167A-03;Cantalejo;4.7503226;-74.0596799;No VIS;22;Suba;41392;Mawí;
Cl. 128B # 58A-20;Las Villas;4.716645;-74.070616;No VIS;2;Suba;41396;Villa Mara;
Cr. 58B # 129A-23;Ciudad Jardín Norte;4.719217;-74.069593;No VIS;7;Suba;41398;Osaka;
Cr. 56 # 160-57;Cantalejo;4.742971;-74.059176;No VIS;10;Suba;41399;Torres de Cantalejo ..;
Cl. 128C # 47-04;Prado Veraniego;4.71511344;-74.05557195;No VIS;4;Suba;41402;Prado 128;
Cr. 80 # 146F-64;Casablanca;4.73715904;-74.07665626;No VIS;15;Suba;41404;Terra Vista 147;
Cr. 58C # 147-36;Colina Campestre;4.73862185;-74.06047019;No VIS;26;Suba;41417;Carrá;
Cr. 54A # 169-71;Britalia Norte;4.75240544;-74.0539187;No VIS;6;Suba;41418;Verona 170;
Cl. 135 # 47-54;Spring;4.721741;-74.054024;No VIS;4;Suba;41429;La Esperanza;
Cl. 135 # 45A-55;Spring;4.7212775;-74.055173;No VIS;3;Suba;41431;Spring Art;
Tv. 53D # 129-50;Prado Veraniego;4.7164866;-74.0637317;No VIS;31;Suba;41436;Nueva Colina - Amonte;
Tv. 53D # 129-50;Prado Veraniego;4.7164866;-74.0637317;No VIS;21;Suba;41437;Nueva Colina - Turó;
Cr. 59BBis # 128B-87;Prado;4.719172;-74.074673;No VIS;1;Suba;41454;Kathmandú;
Cr. 69 # 21A-22 Sur;Villa Claudia;4.614105;-74.131145;No VIS;1;Kennedy;41459;Conj. Res. Alferez Real II;
Cl. 38Bis Sur # 87F-63;Patio Bonito;4.63755;-74.166038;No VIS;3;Kennedy;41461;Torres de Magma;
Cr. 9A # 63-18;Chapinero;4.64911;-74.061426;No VIS;3;Chapinero;41463;Lourdes 63;
Av. Cr. 14 # 28A-89;Bello Horizonte;4.617679;-74.071892;No VIS;7;Santa Fe;41464;Mitika;
Cr. 14 # 33-50;Parque Bavaria;4.621866;-74.06943;No VIS;44;Santa Fe;41465;33 DC;
Cr. 35 # 54-28;Nicolas de Federman;4.64537;-74.08034;No VIS;5;Teusaquillo;41466;Metropolitan Park;
Dg. 60A # 22A-59;San Luis;4.647389;-74.071379;No VIS;3;Teusaquillo;41467;Varenna Aptos;
Dg. 54 # 24-57;Galerias;4.644837;-74.072579;No VIS;3;Teusaquillo;41468;CRZ-4;
Tv. 24A # 60-23;San Luis;4.64684;-74.072669;No VIS;2;Teusaquillo;41469;Arabi Uno;
Cr. 77BBis # 78-45;San Jose de la Granja;4.697902;-74.095258;No VIS;5;Engativá;41473;Marbore Reservado;
Cl. 17 # 135-20;Florencia;4.694956;-74.168781;VIS;5;Fontibón;41475;Caminos de Fontibón;
Cr. 14 # 33-50;Parque Bavaria;4.621866;-74.06943;No VIS;27;Santa Fe;41476;33 DC Res. Estudiantiles;
Cl. 52 # 14-52;Quesada;4.639574;-74.067086;No VIS;15;Chapinero;41477;Gallery Loft 52;
Cr. 14 # 32-20;Parque Bavaria;4.620395;-74.069987;No VIS;135;Santa Fe;41478;Teik;
Cl. 67 # 11-80;Quinta Camacho;4.653562;-74.062355;No VIS;88;Chapinero;41479;Garden Club;
Cl. 12A # 27-14;Ricaurte;4.610961;-74.090458;No VIS;12;Los Mártires;41480;Torre Picasso;
Cr. 27 # 50-11;Chapinero;4.639193;-74.076519;No VIS;1;Teusaquillo;41482;Edificio Hilares;
Cr. 30A # 4A-90;Veraguas;4.605699;-74.099982;No VIS;1;Puente Aranda;41483;Edificio Origin ll;
Cl. 19 # 96B-32;Villemar;4.669018;-74.13943;No VIS;1;Fontibón;41487;Ed. Marmara II;
Cr. 68D # 57H-65 Sur;La Española;4.707502;-74.095404;No VIS;7;Engativá;41488;Ed. Zafiro Paris;
Cl. 17 # 22-50;Paloquemao;4.6128;-74.085662;VIS;296;Los Mártires;41489;Centenari;
Cl. 60 # 35A-51;Nicolas de Federman;4.65029262;-74.08043324;No VIS;5;Teusaquillo;41490;Edificio 8;
Cl. 44 # 16-74;Palermo;4.63245428;-74.07070375;No VIS;2;Teusaquillo;41492;Alameda 44;
Av. Cl. 26 # 37-19;El Recuerdo;4.63252849;-74.08554135;No VIS;14;Teusaquillo;41493;Urban 26;
Cr. 87B # 8C-99;El Tintal;4.65056597;-74.15008218;VIS;19;Kennedy;41494;Vizcaya Castilla Reservado;
Cl. 64D # 113B-49;Engativa;4.70897278;-74.13786571;VIS;21;Engativá;41495;Conj Res. Murano;
Cr. 116 # 78B-35;Gran Granada;4.72291524;-74.12478886;No VIS;40;Engativá;41496;Senderos de Granada;
Cr. 100 # 16C-80;El Carmen;4.67029571;-74.14876439;VIS;41;Fontibón;41497;Parque Central Fontibon 1;
Cl. 63 # 1-05;Maria Cristina;4.64413484;-74.05415677;No VIS;178;Chapinero;41498;View 63;
Av. Cl. 24 # 47A-25;Quinta Paredes;4.63604066;-74.0966945;No VIS;13;Teusaquillo;41499;Central;
Cl. 72A # 57-22;San Fernando;4.671628;-74.077446;No VIS;5;Barrios Unidos;41500;Ed. El Caballero;
Cl. 22ABis # 44A-72;Quinta Paredes;4.633364;-74.09616;No VIS;5;Teusaquillo;41502;Kaitoke 22;
Cl. 27 # 33-28;Quinta Paredes;4.630648;-74.082455;No VIS;2;Teusaquillo;41503;Ed. Abitti;
Tv. 4 Este # 1-60;El Castillo;4.64197113;-74.05638448;No VIS;11;Chapinero;41507;Sierra 1.60;
Cl. 70 Sur # 87-12;Independencia;4.61975558;-74.19492402;VIS;1;Bosa;41509;Huitaca Residencial;
Cr. 72Bis # 74-66;Santa Maria del Lago;4.69032845;-74.09356892;No VIS;4;Engativá;41510;Santa María;
Cl. 17 # 4-28;Centro;4.60211233;-74.06976916;No VIS;86;Santa Fe;41511;Pascal;
Cl. 24 # 32-19;Gran América;4.62582108;-74.08559396;No VIS;192;Teusaquillo;41512;Eon;
Cl. 60 # 9-57;Chapinero;4.64599147;-74.0629002;No VIS;4;Chapinero;41513;Microloft 60;
Dg. 59 # 23-54;San Luis;4.64621128;-74.07234157;No VIS;6;Teusaquillo;41514;Maikai;
Cr. 50 # 61-10;Nicolas de Federman;4.65219169;-74.08382419;No VIS;3;Teusaquillo;41515;Torre Verne;
Cl. 51 # 3-66;Chapinero Alto;4.6356315;-74.06101192;No VIS;2;Chapinero;41516;Torres de Adar lll ..;
Av. Cr. 24 # 39-91;Park Way;4.62903856;-74.07554151;No VIS;1;Teusaquillo;41518;ParkWay Palace;
Cl. 22 # 104-40;La Giralda;4.67937563;-74.14329946;No VIS;3;Fontibón;41520;Edificio Mandarino;
Av. Cl. 22 # 97B-27;Villemar;4.67521574;-74.14035221;No VIS;12;Fontibón;41521;Esmeralda;
Cr. 50 # 57B-42;Nicolas de Federman;4.64911018;-74.08504193;No VIS;11;Teusaquillo;41525;Eva 57 Nicolás;
Cr. 82A # 69-05 Sur;Islandia;4.61528209;-74.19399264;VIS;159;Bosa;41527;Parque Primaveral;
Cr. 81I Bis # 54-18 Sur;El Carmelo;4.62029943;-74.17732764;No VIS;8;Kennedy;41528;Arquilibrium 90;
Cr. 5 # 16-58;Veracruz;4.60215787;-74.07093352;No VIS;10;Santa Fe;41529;Da Vinci Apartaestudios;
Cr. 31 # 4-31;Veraguas;4.60489038;-74.10144897;No VIS;2;Puente Aranda;41531;Veraguas Reservado;
Cl. 7 # 2-39;La Candelaria;4.59288478;-74.07312606;No VIS;24;La Candelaria;41532;Ed. Comuneros;
Cr. 113 # 19A-11;Fontibon;4.6839094;-74.15080906;VIS;118;Fontibón;41533;Lares Fontibón II - Vis;
Cl. 64D # 112B-84;Engativa;4.70609262;-74.13521834;No VIS;12;Engativá;41534;La Baita;
Cr. 98A # 22A-13;La Giralda;4.67658035;-74.139903;No VIS;4;Fontibón;41535;Hyntiba 98;
Tv. 3A # 54A-24;Chapinero;4.64032863;-74.0599992;No VIS;6;Chapinero;41537;Chapinero Hub;
Cl. 60Bis # 1-64;Chapinero Alto;4.64292995;-74.05652077;No VIS;4;Chapinero;41538;Origami 60;
Cr. 47 # 22A-36;Quinta Paredes;4.63482936;-74.09696646;No VIS;6;Teusaquillo;41540;Espacio 47;
Cl. 58Bis # 10-19;Chapinero;4.64459083;-74.06398404;VIS;2;Chapinero;41541;Living 58;
Av. Cr. 6 # 68A-05;Marsella III;4.62781484;-74.12424004;No VIS;63;Kennedy;41542;Boreal;
Cr. 7 # 61-24;Chapinero;4.6463596;-74.06033622;No VIS;29;Chapinero;41543;Torres de Adar IV ..;
Cr. 123A # 77B-85;Gran Granada;4.72456483;-74.13431577;No VIS;75;Engativá;41544;Tinguazul;
Cl. 78 # 76-40;La Granja;4.69698896;-74.09453368;No VIS;6;Engativá;41545;Jardines de La Granja;
Cr. 68D # 57H-65 Sur;Villa del Rio;4.59735194;-74.16031556;VIS;29;Bosa;41546;Senderos de Madelena ll;
Cr. 78Bis # 76-75;La Granja;4.69692998;-74.0971273;No VIS;21;Engativá;41547;Cadiz;
Cl. 22 # 44A-42;Quinta Paredes;4.63200241;-74.09709329;No VIS;9;Teusaquillo;41548;Pinesloft;
Cl. 1 # 32B-80;Santa Matilde;4.60097448;-74.10868292;No VIS;17;Puente Aranda;41549;Boreal Santa Matilde;
Cl. 3 # 36-56;Veraguas;4.60880353;-74.10728306;VIS;1;Puente Aranda;41550;Oporto Club Res.;
Cl. 82Bis # 27-34;Polo Club;4.67127632;-74.06444345;No VIS;23;Barrios Unidos;41552;Udara Polo;
Cr. 67 # 67F-79;Jose Joaquin Vargas;4.67611666;-74.08619928;No VIS;14;Barrios Unidos;41553;Torres de las Lajas;
Cl. 34 # 7-59;Centro;4.62155108;-74.06772789;No VIS;124;Santa Fe;41554;Citadinno;
Cr. 24 # 61D-78;San Luis;4.6491157;-74.07262452;No VIS;4;Teusaquillo;41555;Armonía;
Dg. 60A # 22A-70;San Luis;4.64756885;-74.07245687;No VIS;4;Teusaquillo;41556;Camino de San Luis;
Cr. 15 # 48-21;Palermo;4.63593109;-74.06839598;No VIS;171;Teusaquillo;41557;Urbano 48 - Vis;
Cr. 116 # 19-45;San Pablo;4.686817494;-74.15363189;VIS;450;Fontibón;41558;Bonaire Club Residencial;
Cl. 22B # 44-05;Quinta Paredes;4.632678883;-74.09497429;No VIS;19;Teusaquillo;41559;Ed. Avila;
Cr. 45A # 94-26;La Castellana;4.682438147;-74.0587494;No VIS;109;Barrios Unidos;41560;ADN Microliving Castellana;
Cl. 60 # 9-34;Chapinero;4.646406109;-74.06247962;No VIS;47;Chapinero;41561;Urban 9-60;
Cr. 13 # 53-75;Chapinero;4.641021145;-74.06527282;No VIS;142;Chapinero;41562;Viao 53;
Cr. 10 # 54A-31;Chapinero;4.641398505;-74.06391156;No VIS;38;Chapinero;41563;Open 10k;
Cr. 26 # 49-26;Galerias;4.638304283;-74.07573855;No VIS;24;Teusaquillo;41564;Vivo;
Cr. 27 # 24B-45;Usatama;4.622888208;-74.07924876;No VIS;15;Los Mártires;41565;Fiori;
Cl. 25 Sur # 68H-74;Carvajal;4.612635326;-74.13311299;No VIS;25;Kennedy;41566;Vival del Carvajal;
Cl. 67A # 113C-27;Engativa;4.710331502;-74.13605854;No VIS;143;Engativá;41567;Oikos Varena;
Dg. 53D # 22A-25;Galerias;4.643460761;-74.07278542;No VIS;22;Teusaquillo;41568;Proyecto Silver;
Cl. 58Bis # 9-49;Chapinero;4.644445564;-74.06359594;No VIS;90;Chapinero;41570;Almagro;
Cl. 6 # 18-04;La Estanzuela;4.599893492;-74.08809828;No VIS;53;Los Mártires;41571;Aruma;
Cl. 22 # 102-49;La Cabaña;4.677648471;-74.14240168;VIS;45;Fontibón;41572;Jitaku;
Tv. 123 # 63F-26;Villa Claver;4.713923392;-74.1433904;VIP;116;Engativá;41573;Miravento;
Cr. 116 # 77B-35;Villas de Granada;4.722013268;-74.12569861;No VIS;50;Engativá;41574;Caminos de Granada;
Cl. 14A # 123-25;El Recodo;4.681645343;-74.16796568;VIP;66;Fontibón;41575;El Poblado Aptos.;
Cl. 61 # 9-65;Chapinero;4.646821855;-74.06246917;No VIS;34;Chapinero;41576;Ed. Manuel Franco;
Cr. 38 # 12A-21;Zona Industrial;4.619474641;-74.09985304;No VIS;46;Puente Aranda;41577;38 Plus;
Cr. 11 # 146-91;Cedritos;4.7256;-74.0333;No VIS;27;Usaquén;49000;147 Square;
Cl. 147 # 7G-40;Cedritos;4.7253;-74.0313;No VIS;2;Usaquén;49001;Las Palmas Aptos.;
Cl. 146 # 13-22;Cedritos;4.72673;-74.03813;No VIS;4;Usaquén;49006;Smart Home 146;
Cr. 7B # 145-81;Cedritos;4.7217;-74.0284;No VIS;3;Usaquén;49008;Giralda 145;
Cl. 145 # 13A-19;Cedritos;4.7253;-74.0394;No VIS;3;Usaquén;49009;Alborada 145;
Cl. 144 # 12-78;Cedritos;4.7242;-74.0379;No VIS;20;Usaquén;49014;Acereto;
Cl. 146Bis # 9-25;Cedritos;4.7242;-74.0326;No VIS;6;Usaquén;49015;Manzana Verde;
Cr. 19A # 151-46;Cedritos;4.7335;-74.0453;No VIS;2;Usaquén;49017;Mirador del Cedro I;
Cr. 20 # 151-08;Cedritos;4.7336;-74.0462;No VIS;5;Usaquén;49018;Mirador del Cedro II;
Cl. 145 # 12-94;Cedritos;4.7251938;-74.038073;No VIS;34;Usaquén;49019;Vivaio;
Cl. 145A # 16A-13;Cedritos;4.727171;-74.043031;No VIS;8;Usaquén;49021;Cedro Alto;
Cl. 147 # 7G-52;Cedritos;4.725345;-74.031577;No VIS;31;Usaquén;49022;Scala 28;
Cr. 19A # 151-15;Las Margaritas;4.733199;-74.045665;No VIS;20;Usaquén;49023;Mirador del Cedro III ..;
Cr. 8 # 190-52;Tibabita;4.767212;-74.028775;No VIS;12;Usaquén;49024;Kolina de Santa Inés;
Cr. 15 # 173-91;Alameda;4.752599;-74.037195;No VIS;26;Usaquén;49026;Alameda 170;
Cl. 145 # 9-55;Cedritos;4.722495;-74.03285;No VIS;127;Usaquén;49028;Parkview 145;
Cl. 170 # 8-60;Redil;4.748804;-74.025803;No VIS;216;Usaquén;49029;"Hacienda la Estancia ""Rioja""";
Cr. 12 # 147-39;Cedritos;4.726904;-74.034751;No VIS;15;Usaquén;49030;Cayena Real;
Cr. 23 # 140-39;Cedritos;4.724419;-74.049981;No VIS;8;Usaquén;49032;Remanso Park;
Cl. 183 # 8A-10;San Antonio;4.760265;-74.0293025;No VIS;45;Usaquén;49033;Terrazze Park 183;
Cr. 8D # 189-47;Lijaca;4.766393;-74.030327;No VIS;1;Usaquén;49034;Edificio 189 Plus;
Cl. 146 # 13-70;Cedritos;4.7277282;-74.0416261;No VIS;30;Usaquén;49035;Milá Aptos.;
Cl. 159 # 20A-54;Estrella del norte;4.7419451;-74.0445393;No VIS;9;Usaquén;49038;Edificio Calle 159;
Cr. 11 # 188-49;San Antonio Norte;4.76539916;-74.03229099;No VIS;9;Usaquén;49039;Sin Nombre;
Cr. 21A # 159-28;Estrella del Norte;4.74014;-74.046624;No VIS;4;Usaquén;49042;Ed. Ferreiros;
Cl. 163A # 7B-39;San Cristobal;4.73849219;-74.02454844;No VIS;8;Usaquén;49043;Ed. Toledo 163;
Cr. 21 # 159-71;Estrella del norte;4.73995453;-74.04609649;No VIS;9;Usaquén;49044;Sky 21 Aptos;
Cl. 168 # 7-51;Santa Teresa;4.74545799;-74.02362487;No VIS;99;Usaquén;49045;Montecarlo 168;
Cl. 161A # 16C-59;Toberín;4.74067481;-74.04051877;No VIS;9;Usaquén;49046;Morein Aptos;
Cl. 170 # 7-65;Santa Teresa;4.74642148;-74.02352956;No VIS;72;Usaquén;49048;Dos Torres 170;
Cl. 170 # 8-60;Redil;4.74880067;-74.02540901;VIS;265;Usaquén;49049;"Hacienda La Estancia ""Navarra""";
Cr. 60 # 66-31;Modelo;4.66735632;-74.084579;No VIS;2;Barrios Unidos;50335;Vista al Parque del Salitre;
Cr. 13A # 28-21;Centro Internacional;4.617068;-74.070932;No VIS;5;Santa Fe;50600;Museo Parque Central Fase II;
Cr. 14 # 108B-11 Sur;Brazuelos;4.492476;-74.119517;VIS;27;Usme;50693;Conj. Res. Parq. Cantarrana;
Tv. 60 0 # 59-24 Sur;Madelena;4.583655;-74.155398;No VIS;50;Ciudad Bolívar;50730;Altos de Madelena;
Cl. 32 # 6A-15;San Martin;4.61824902;-74.06711653;No VIS;4;Santa Fe;50746;Equilibrium;
Tv. 65 Sur # 59-35 Sur;Madelena;4.584766;-74.155746;No VIS;40;Ciudad Bolívar;50754;Santa Elena Reservado;
Cl. 64 # 1-15;Chapinero Alto;4.645774;-74.054082;No VIS;2;Chapinero;50796;Segal;
Cr. 35 # 63B-05;El Rosario;4.65405882;-74.07900843;No VIS;1;Barrios Unidos;50815;Central Park;
Cr. 7 # 33-91;La Marced;4.621291;-74.067474;No VIS;1;Santa Fe;50818;Teleskop;
Cl. 5 Sur # 3A-21;Las Brisas;4.581139;-74.081868;No VIS;5;San Cristóbal;50842;Al Lado del Centro;
Av. Cr. 1 # 59-21;Chapinero Alto;4.643112;-74.058329;No VIS;8;Chapinero;50843;Omega 59;
Cr. 21 # 24-89 Sur;Olaya;4.582971;-74.106432;No VIS;2;Rafael Uribe Uribe;50846;Torre Olaya Plaza +;
Av. Cr. 14 # 58-58;Chapinero;4.64559;-74.065045;No VIS;23;Chapinero;50851;Oikos Infinitum +;
Cr. 5 # 20-39;Centro;4.605305;-74.069952;No VIS;58;Santa Fe;50855;Torre Barcelona Cond. Estudiantil;
Dg. 49ABisA Sur # 13J-91;Marco Fidel Suarez;4.567014;-74.125517;VIS;232;Rafael Uribe Uribe;50860;Caracas Avenida *;
Cr. 49 # 91-50;La Castellana;4.679999;-74.06195;No VIS;3;Barrios Unidos;50869;Castellana Plaza +;
Cr. 2 # 79-18 Sur;Yomasa;4.509709;-74.106016;VIS;64;Usme;50883;Senderos de la Sierra;
Cr. 25 # 24C-44;Centro;4.621293;-74.077457;No VIS;24;Los Mártires;50884;Zima 26 ..;
Cl. 11 # 1-60;Centro;4.595076;-74.070041;No VIS;2;La Candelaria;50888;Antigua La Candelaria;
Cl. 49 # 5-34;Chapinero Alto;4.635894;-74.062595;No VIS;7;Chapinero;50889;Montecarlo Village +;
Cr. 3 # 58-27;Chapinero Alto;4.64271;-74.058792;No VIS;3;Chapinero;50892;Nova 58;
Cr. 27 # 31A-36 Sur;Libertador;4.588138;-74.116865;No VIS;8;Rafael Uribe Uribe;50903;Mirador +;
Cr. 24 # 71A-85;Alcazares;4.662994;-74.067832;No VIS;143;Barrios Unidos;50905;72 Hub;
Cr. 31 # 5C-10;Veraguas;4.607451;-74.099872;No VIS;10;Puente Aranda;50907;Torre Estelar;
Cl. 59 # 14A-82;San Luis;4.646689;-74.067049;No VIS;1;Teusaquillo;50909;Midtown 59;
Cr. 5 # 20-39;Centro;4.605305;-74.069952;No VIS;15;Santa Fe;50913;Torre Barcelona Aptos.;
Cr. 36 # 4-71;Primavera;4.608646;-74.106321;No VIS;5;Puente Aranda;50916;Verona Parque Res.;
Cr. 35 # 63C-45;El Rosario;4.655683;-74.07897;No VIS;3;Barrios Unidos;50917;Parque El Lago;
Cl. 52 # 18-34;Alfonzo Lopez;4.640173;-74.070354;No VIS;2;Teusaquillo;50919;Makapi Lights;
Cl. 32 # 5-21;San Martin;4.6174;-74.066322;No VIS;33;Santa Fe;50926;La Quinta;
Cl. 33 # 6-37;Centro;4.619021;-74.066467;No VIS;15;Santa Fe;50929;Frontier;
Cl. 48 Sur # 4-90 Este;Nueva Roma;4.541979;-74.095608;VIS;12;San Cristóbal;50938;Reserva Entre Nubes;
Cr. 1G # 98-21 Sur;La Esperanza;4.494961;-74.109731;VIS;1;Usme;50939;Zasca Aptos.;
Cl. 72A # 62-14;San Fernando;4.67441;-74.08093;No VIS;1;Barrios Unidos;50941;Nova 72 +;
Cl. 34 # 18-25;Teusaquillo;4.623509;-74.073564;No VIS;3;Teusaquillo;50942;Kardonal 34;
Av. Cr. 14 # 71-44;Quinta Camacho;4.658218;-74.061415;No VIS;53;Barrios Unidos;50944;Life 72 +;
Cl. 63D # 28A-64;7 de agosto;4.655789;-74.07744;No VIS;14;Barrios Unidos;50946;Salamanca +;
Cr. 12 # 32F-80 Sur;La Resureción;4.569777;-74.113913;VIS;12;Rafael Uribe Uribe;50948;Granjas de Santa Sofía;
Cr. 8 # 43-38;Javeriana;4.630736;-74.065419;No VIS;2;Chapinero;50951;Apartaestudios 8-43;
Cr. 6 # 48A-47;Chapinero Alto;4.63545;-74.06348;No VIS;4;Chapinero;50956;Óga 6-48;
Cl. 13 Sur # 24B-89;Valvanera;4.589899;-74.101306;No VIS;34;Antonio Nariño;50958;Valvanera 24;
Cl. 21 Sur # 2-31;Montebello;4.569051;-74.089725;VIS;1;San Cristóbal;50965;Monte Rizzo Club Res.;
Cr. 50 # 57B-80;Nicolas de Federman;4.649171;-74.084994;No VIS;8;Teusaquillo;50973;Volterra Village +;
Cr. 35A # 57B-14;Nicolas de Federman;4.648037;-74.080116;No VIS;4;Teusaquillo;50975;Torres de la Merced;
Av. Cr. 14 # 58-26;Chapinero;4.645148;-74.065128;No VIS;10;Chapinero;50979;Vitra Art +;
Cr. 57R # 73B-73 Sur;La Estancia;4.595162;-74.17076;VIS;1;Ciudad Bolívar;50981;Torres del Portal;
Cl. 6 # 26-50;Ricaurte;4.604608;-74.094768;No VIS;42;Los Mártires;50982;Avanti Club House;
Cr. 17 # 74C-04 Sur;Lucero Bajo;4.541214;-74.139889;VIS;132;Ciudad Bolívar;50985;Conj. Res. San Joaquín;
Cl. 31 Sur # 9C-51 Este;Ramajal;4.558296;-74.081978;VIS;47;San Cristóbal;50986;Camino de los Andes;
Cr. 11 # 48K-20 Sur;Provendecia Alta;4.559721;-74.116956;VIS;31;Rafael Uribe Uribe;51004;Portal de Molinos III;
Cr. 10 # 15-64 Sur;Ciudad Jardin Sur;4.5797015;-74.0924506;No VIS;13;Antonio Nariño;51007;Ed. Jardines 15-64 ..;
Cl. 35 Sur # 26-74;Claret;4.58505;-74.118998;No VIS;29;Rafael Uribe Uribe;51010;Victoria Place ..;
Cr. 24D # 2-30 Sur;La Fraguita;4.594277;-74.098278;No VIS;10;Antonio Nariño;51012;Dimito Park Club Res. ..;
Cl. 31 Sur # 26D-53;Libertador;4.586331;-74.114899;No VIS;22;Rafael Uribe Uribe;51013;Albina Park;
Cr. 10 # 8-55 Sur;Ciudad Berna;4.583465;-74.089345;No VIS;2;Antonio Nariño;51020;Ten Life;
Cr. 24 0 # 31C-09 Sur;Quiroga;4.583071;-74.115036;No VIS;19;Rafael Uribe Uribe;51027;Arandanos Conj. Res.;
Cr. 29 # 28-49 Sur;Centenario;4.590173;-74.113263;No VIS;7;Antonio Nariño;51028;Saloni;
Cr. 13 # 9-12 Sur;Ciudad Berna;4.586328;-74.092764;No VIS;3;Antonio Nariño;51031;Capital Berna III ..;
Cl. 11 Sur # 10A-08;Ciudad Berna;4.582958;-74.09112;No VIS;1;Antonio Nariño;51032;Capital Berna IV ..;
Dg. 31Bis Sur # 26D-36;Centenario;4.587794;-74.115738;No VIS;3;Rafael Uribe Uribe;51036;Santa Maria del Progreso;
Cl. 29 Sur # 29-03;Santander;4.589603;-74.11479;No VIS;68;Antonio Nariño;51037;Altos 29;
Cl. 59 Sur # 60-63;Madelena;4.588342;-74.156899;VIS;158;Tunjuelito;51038;Torres de San Rafael;
Cr. 78 # 11C-21;Castilla;4.6472465;-74.1354341;No VIS;6;Kennedy;51045;Bosques de Alsacia;
Cr. 33 0 # 41A-88 Sur;Ingles;4.587231;-74.127006;No VIS;6;Rafael Uribe Uribe;51046;Balcones de Centro Mayor ..;
Dg. 49C Sur # 11-60;Molinos;4.5615877;-74.1204314;VIS;90;Rafael Uribe Uribe;51052;Terrazas de Molinos;
Dg. 47 Sur # 12A-01;Sevilla;4.5396867;-74.0886531;VIS;86;San Cristóbal;51055;Torres del 20 de Julio;
Cl. 101A Sur # 14-05;Monte Blanco;4.49619186;-74.11883338;VIS;218;Usme;51058;Mirador de Bella Flora;
Dg. 68A Sur # 14R-65;La Aurora;4.52501382;-74.12299381;VIS;9;Usme;51061;Sue;
Dg. 42C Sur # 24B-10;El Ingles;4.58051744;-74.1249834;No VIS;3;Rafael Uribe Uribe;51066;Multi. Familiar Ingles;
Cl. 34 Sur # 52G-44;El Ingles;4.60366888;-74.12836334;No VIS;1;Puente Aranda;51068;Mult. Alcala;
Cl. 18 Sur # 19-70;Santander;4.59252268;-74.10814549;No VIS;108;Antonio Nariño;51074;Sorrento;
Cr. 11 Este # 68-61 Sur;Juan Rey;4.52890148;-74.09306943;VIS;5;San Cristóbal;51076;Reserva del Nogal;
Cr. 12 Este # 64A-49 Sur;Juan Rey;4.5264805;-74.08968896;VIS;2;San Cristóbal;51077;Reserva del Roble;
Cr. 81 # 65G-43 Sur;Bosa Centro;4.609971;-74.188275;VIS;50;Bosa;51078;Torrevento;
Av. Cr. 68 # 1-63;Trinidad Galan;4.6249;-74.1247;No VIS;9;Puente Aranda;55250;Americas 68 Eta. II;
Av. Cr. 72 # 67-75;Boyaca Real;4.6825;-74.0988;No VIS;30;Engativá;55283;Reserva 67;
Cr. 123A # 78B-21;Gran Granada;4.7241;-74.1317;No VIS;82;Engativá;55300;Parques de San Jerónimo;
Cl. 77B # 120A-48;Villas de Granada;4.723;-74.133;No VIS;55;Engativá;55301;Oeste;
Cr. 87B # 8A-72;El Tintal;4.648802;-74.148181;No VIS;62;Kennedy;55338;Castellon de los Condes;
Cl. 10B # 81F-20;Castilla;4.6402;-74.1449;No VIS;9;Kennedy;55930;Castilla La Nueva;
Cr. 105 # 16I-45;EL Carmen;4.6756;-74.1492;No VIS;6;Fontibón;55947;Arrayanes de Fontibón;
Cr. 123A # 77B-86;Gran Granada;4.7238;-74.132;No VIS;17;Engativá;55949;Alameda de San Diego;
Cr. 80 # 8-45;Castilla;4.6423;-74.1462;No VIS;52;Kennedy;55950;Camino de San Gabriel;
Cr. 88 # 8F-90;El Tintal;4.648802;-74.148181;No VIS;80;Kennedy;55956;Malaga;
Cr. 96G # 22M-64;EL Carmen;4.6754;-74.135;No VIS;17;Fontibón;55976;Hayuelos R9;
Cl. 6C # 82A-21;Castilla;4.642031;-74.153879;No VIS;94;Kennedy;55981;Cipres de Castilla;
Cl. 6C # 82A-91;Castilla;4.642031;-74.153879;No VIS;137;Kennedy;55986;Aralia de Castilla;
Cl. 17 # 96-20;Villamar;4.665291;-74.140349;No VIS;109;Fontibón;55987;Toscana Torres de Hayuelos;
Av. Cr. 86 # 13B-80;Andalucia;4.6549;-74.1404;No VIS;5;Kennedy;55992;Canela;
Cl. 25B # 71-80;Ciudad Salitre;4.6641;-74.1121;No VIS;71;Fontibón;56000;Gran Reserva de Oporto;
Cr. 88 # 8F-90;El Tintal;4.648802;-74.148181;No VIS;151;Kennedy;56003;Paseo de Sevilla;
Cr. 86 # 7D-35;El Tintal;4.6493;-74.1493;No VIS;125;Kennedy;56019;Castilla Imperial;
Av. Cr. 86 # 10-50;Castilla;4.6496;-74.1459;No VIS;82;Kennedy;56023;Casteló Natura Aptos;
Cr. 96B # 17B-60;Villamar;4.6681;-74.1396;No VIS;9;Fontibón;56024;Hayuelos Park;
Av. Cr. 70 # 25-49;Ciudad Salitre;4.6643;-74.1121;No VIS;47;Fontibón;56025;Gran Reserva de Valdivia;
Cr. 84 # 77A-40;La Granja;4.699569;-74.100685;VIS;26;Engativá;56041;Eka Apartaestudios;
Av. Cl. 13 # 68F-25;Alsacia;4.6406;-74.1247;No VIS;22;Kennedy;56049;La Rioja Alsacia Reservado;
Av. Cr. 72 # 24C-00;Modelia;4.663146;-74.114757;No VIS;2;Fontibón;56050;Moncalieri;
Cl. 42G Sur # 74-30;Timiza;4.6111;-74.1582;VIS;228;Kennedy;56054;Torres de Timiza;
Cr. 68 # 5-21;Trinidad Galan;4.6267;-74.1238;No VIS;7;Puente Aranda;56055;Porto Américas;
Cl. 24 # 68B-85;Ciudad Salitre;4.652;-74.1102;No VIS;10;Fontibón;56062;Avatar;
Cl. 59C Sur # 88H-15;Bosa la Libertad;4.6261;-74.1924;VIS;202;Bosa;56066;Atalaia;
Cl. 2 # 93D-54;Tierra Buena;4.6524;-74.1704;VIS;214;Kennedy;56073;Parque Central Tintal III;
Av. Cr. 72 # 72-15;Santa Maria del Lago;4.6879;-74.0949;No VIS;59;Engativá;56074;Allegro Reservado;
Cl. 72F # 114A-71;Villas de Granada;4.71515;-74.127957;No VIS;33;Engativá;56076;Sabana de los Cerezos;
Cr. 88 # 8F-90;El Tintal;4.648802;-74.148181;No VIS;87;Kennedy;56084;Aragón Castilla Reservado;
Av. Cl. 13 # 68F-25;Alsacia;4.6409;-74.1244;No VIS;108;Kennedy;56086;La Ribera Alsacia Reservado;
Cl. 77B # 129-70;El Porvenir;4.71999659;-74.12304698;No VIS;76;Engativá;56091;Ciud. Parq. Ctral de Occidente III;
Cr. 88 # 8F-90;El Tintal;4.648802;-74.148181;No VIS;71;Kennedy;56093;Burgos Castilla Reservado;
Cl. 13A # 82B-31;Villas Alsacia;4.6528;-74.1406;No VIS;51;Kennedy;56095;Pinares de Alsacia;
Cl. 59B Sur # 86A-15;Bosa la Libertad;4.62095;-74.220787;VIS;75;Bosa;56102;Urb. Torres Altamira;
Cl. 24 # 86-08;Modelia;4.672267;-74.125379;No VIS;19;Fontibón;56106;Reserva de Modelia;
Cr. 87C # 87B-38 Sur;San Bernardino;4.636932;-74.164681;VIS;5;Kennedy;56107;Portales de Avanza I;
Cr. 45A # 91-56;Castellana;4.67906971;-74.05950542;No VIS;33;Barrios Unidos;56111;Paralela 91 +;
Cl. 58 # 21-26;San Luis;4.64583;-74.07141;No VIS;1;Teusaquillo;56112;Inhaus;
Cl. 17DBis # 123A-05;Fontibon;4.688525;-74.158767;VIS;60;Fontibón;56113;Aragón;
Cr. 7 # 31A-56;San Martin;4.6420415;-74.0644713;No VIS;55;Chapinero;56116;Equilibrium 2;
Av. Cl. 80 # 116B-100;Gran Granada;4.7227;-74.1242;No VIS;7;Engativá;56120;Brisas de Granada II;
Dg. 82G # 75-41;Minuto;4.70444067;-74.09295924;No VIS;6;Engativá;56121;Elite Minuto;
Cr. 116 # 77B-35;Villas de Granada;4.72235;-74.12532;No VIS;32;Engativá;56122;Altos de Granada;
Dg. 77B # 123-20;Villas de Granada;4.72145;-74.12132;No VIS;103;Engativá;56123;Ciprés de la Florida;
Av. Cl. 17 # 72-85;El Vergel;4.65098;-74.12934;No VIS;138;Fontibón;56125;Zentral - Izola;
Cl. 61 # 37-91;Nicolas de Federman;4.6516;-74.08253;No VIS;3;Teusaquillo;56127;Edificio Daned;
Cl. 52 # 17-28;Teusaquillo;4.64001;-74.06965;No VIS;6;Teusaquillo;56131;K52;
Cr. 93 # 54-28 Sur;Bosa Porvenir;4.634766;-74.186615;VIS;115;Bosa;56135;Valenti;
Dg. 77B # 124-40;Villas de Granada;4.72087625;-74.1343328;No VIS;13;Engativá;56136;Reserva de Granada IV;
Cl. 33 # 6-37;Centro;4.619021;-74.066467;No VIS;16;Santa Fe;56137;Urban;
Cr. 35Bis # 60-45;Nicolas de Federman;4.65077;-74.07933;No VIS;7;Teusaquillo;56139;Edificio Rumiraky;
Av. Cr. 68 # 19-52;Puente Aranda;4.644071;-74.111185;No VIS;91;Fontibón;56140;Urban Salitre - Zurich;
Cl. 17 # 135-20;Florencia;4.6933;-74.1676;VIS;23;Fontibón;56141;Mirador de Fontibón;
Cl. 17 # 110-68;Fontibon;4.67945;-74.15154;No VIS;88;Fontibón;56142;Altana;
Cr. 96B # 18-31;Villamar;4.66867;-74.13917;No VIS;31;Fontibón;56143;Tintoretto;
Av. Cl. 17 # 72-85;El Vergel;4.65098;-74.12934;No VIS;269;Fontibón;56144;Zentral - Zajari;
Cr. 26 # 49-49;Palermo;4.63862;-74.07599;No VIS;7;Teusaquillo;56145;Mitre 49;
Cr. 60D # 90-04;Mendiguaca;4.68209;-74.06931;No VIS;14;Barrios Unidos;56146;Udara Entre Parques;
Cr. 36A # 61-26;Nicolas de Federman;4.65125;-74.08072;No VIS;6;Teusaquillo;56147;36 Avenida;
Cl. 22K # 97-36;Fontibon;4.67709;-74.13757;No VIS;1;Fontibón;56148;Fontino;
Cl. 158 # 96A-36;Salitre;4.75625;-74.08211;No VIS;2;Suba;56156;Salitre Reservado;
Cr. 72 # 21-11;La Felicidad;4.65667;-74.12439;No VIS;47;Fontibón;56157;La Felicidad - La Reserva;
Cr. 72 # 21-11;La Felicidad;4.65667;-74.12439;No VIS;82;Fontibón;56158;La Felicidad - Los Pinos;
Cr. 72 # 21-11;La Felicidad;4.65667;-74.12439;No VIS;49;Fontibón;56159;La Felicidad - Los Cerros;
Cr. 72 # 21-11;La Felicidad;4.65667;-74.12439;No VIS;62;Fontibón;56160;La Felicidad - La Cima;
Cl. 56 Sur # 81A-90;Villa Anita;4.61794;-74.17786;VIS;27;Kennedy;56164;Bari Conj. Res.;
Cl. 70ABis # 121A-04;San Lorenzo;4.71731;-74.13628;VIS;37;Engativá;56165;Mirador del Jaboque;
Cr. 18 # 15-20;Centro;4.6079;-74.08214;No VIS;136;Los Mártires;56167;Torre Estacion;
Cr. 18 # 14-04;Centro;4.60778;-74.08233;No VIS;30;Los Mártires;56168;Sabana Central;
Av. Cl. 26 # 82-54;Los Monjes;4.67506;-74.11636;No VIS;46;Engativá;56169;Cantabria;
Cr. 5 # 32-89;San Martin;4.61868;-74.06583;No VIS;22;Santa Fe;56170;Tekto Museo;
Cr. 16 # 58A-31;Galerias;4.64595371;-74.0678307;No VIS;3;Teusaquillo;56172;Tivoli;
Cr. 72 # 21-11;La Felicidad;4.65667;-74.12439;VIS;5;Fontibón;56173;La Felicidad - Oasis;
Cr. 72 # 21-11;La Felicidad;4.65667;-74.12439;VIS;7;Fontibón;56174;La Felicidad - Colina;
Cr. 72 # 21-11;La Felicidad;4.65667;-74.12439;VIS;4;Fontibón;56175;La Felicidad - Lago;
Cr. 72 # 21-11;La Felicidad;4.65667;-74.12439;VIS;6;Fontibón;56176;La Felicidad - La Senda;
Cr. 72 # 21-11;La Felicidad;4.65667;-74.12439;VIS;1;Fontibón;56177;La Felicidad  - Montaña;
Cl. 23A # 96J-19;Fontibon;4.67685;-74.13607;No VIS;12;Fontibón;56179;Balzani;
Cl. 79 # 76-31;Minuto de Dios;4.69744;-74.09434;No VIS;11;Engativá;56182;Portal Reservado;
Cr. 1 # 8-20;La Candelaria;4.59262;-74.07145;No VIS;35;La Candelaria;56188;Ed. La Primera Candelaria;
Cr. 15 # 49-51;Palermo;4.63717;-74.06804;No VIS;4;Chapinero;56190;KD Marly;
Av. Cl. 26 # 70A-25;Ciudad Salitre;4.66539;-74.11166;No VIS;86;Fontibón;56195;Vissani Aptos;
Cr. 81 # 77A-25;La Granja;4.69903;-74.09822;No VIS;9;Engativá;56196;Keisha;
Cr. 25 # 24C-21;Centro;4.62164;-74.07756;No VIS;3;Los Mártires;56197;Cyan 26;
Cl. 54 # 10-25;Chapinero Alto;4.64052;-74.0643;No VIS;5;Chapinero;56198;Smart Living 54;
Cl. 79A # 90-29;Primavera Norte;4.70532;-74.10515;No VIS;57;Engativá;56203;Andora 80;
Cl. 158 # 96A-77;Suba Salitre;4.756511;-74.082989;VIS;4;Suba;56207;Oka 96;
Cl. 32 # 5-31;Centro;4.61801;-74.06714;No VIS;202;Santa Fe;56208;Arbos Central ..;
Cl. 25B # 70B-70;Ciudad Salitre;4.6643;-74.1121;No VIS;169;Fontibón;56210;Gran Reserva de Mallorca;
Cl. 18 # 4-22;Las Aguas;4.60278;-74.071742;No VIS;173;Santa Fe;56211;Torre Ventto;
Cr. 35A # 60-58;Nicolas de Federman;4.65084;-74.082086;No VIS;10;Teusaquillo;56212;Juan Pablo;
Cr. 22A # 82-19;Polo Club;4.67004133;-74.06240345;No VIS;27;Barrios Unidos;56216;Edificio Praia;
Cr. 18 # 140-34;Cedritos;4.7232;-74.04486;No VIS;13;Usaquén;90251;Montello;
Cr. 7A # 146-89;Cedritos;4.72274;-74.027;No VIS;8;Usaquén;90252;Menta;
Cr. 70C # 52-96;Normandia;4.66834;-74.1049;No VIS;7;Engativá;90253;Mirador del Jardín;
Cl. 127D # 71-43;Niza;4.71311;-74.07609;No VIS;17;Suba;90254;Senderos de Niza;
Cl. 129 # 56C-02;Iberia;4.71703;-74.0663;No VIS;21;Suba;90256;Renacer 129;
Cl. 132A # 72-60;Gratamira;4.72592;-74.07411;No VIS;2;Suba;90257;Illium;
Cl. 94 # 68D-26;Julio Flores;4.68802;-74.07823;No VIS;3;Suba;90258;Sorreto 94;
Av. Cr. 86 # 10A-42;Castilla;4.64887783;-74.14481547;VIS;201;Kennedy;90260;Castilla Urbana;
Cr. 63 # 103-65;Andes;4.69132589;-74.0670259;No VIS;15;Suba;90261;Mattiz 103;
Cl. 128C # 55B-81;Prado Jardin;4.71583352;-74.06530785;No VIS;8;Suba;90262;Prado Reservado;
Cl. 144 # 19A-09;Cedritos;4.72571603;-74.04705126;No VIS;9;Usaquén;90263;Artio 144;
Cl. 51 # 73-57;Normandia;4.67112991;-74.11059018;No VIS;1;Engativá;90264;Viure 51;
Dg. 128BBis # 56B-42;Iberia;4.71626878;-74.06634127;No VIS;4;Suba;90265;Altos del Prado;
Cr. 50 # 144-56;Prado Pinzón;4.72774862;-74.05369378;No VIS;2;Suba;90266;Prado 144;
Cl. 150 # 50-12;Sotavento;4.73578862;-74.05300624;No VIS;43;Suba;90267;Park Living *;
Cl. 140 # 19A-36;Cedritos;4.72379071;-74.04769331;No VIS;29;Usaquén;90268;Ubik 140;
Cr. 49 # 165-73;Granada Norte;4.74725778;-74.05030322;No VIS;3;Suba;90269;Palau 165;
Cr. 23 # 142-52;Cedritos;4.7254407;-74.04946374;No VIS;9;Usaquén;90270;Ed. Bilbao;
Cl. 136 # 50-43;Spring;4.72283652;-74.05598115;No VIS;16;Suba;90271;San Sebastián;
Cl. 144 # 52-43;Prado Pinzón;4.72727651;-74.05528787;VIS;20;Suba;90272;Portal del Prado;
Cl. 149 # 12D-44;Cedritos;4.72872104;-74.03634842;No VIS;2;Usaquén;90273;La Zarzamora;
Dg. 150 # 145-11;Fontanar del Río;4.75756297;-74.11559517;VIS;5;Suba;90274;Mirador del Parque;
Cl. 144 # 19A-06;Cedritos;4.72613138;-74.04696389;No VIS;6;Usaquén;90275;Jerez Aptos.;
Cl. 176 # 58-;Villa del Prado;4.75789121;-74.05140568;VIS;14;Suba;90276;176 Park;
Dg. 24C # 68-01;Salitre;4.6512702;-74.10635538;No VIS;16;Fontibón;90277;Rodin..;
Av. Cr. 68 # 19-52;Puente Aranda;4.64319484;-74.11108019;No VIS;104;Puente Aranda;90278;Urban Salitre - Praga;
Cl. 135 # 45A-42;Iberia;4.72146544;-74.05289605;No VIS;4;Suba;90282;Edificio Alcalá;
Cl. 143 # 16-37;Cedritos;4.72428459;-74.04254182;No VIS;14;Usaquén;90283;Tramonto;
Cr. 82 # 22F-04;Modelia;4.66583551;-74.1262635;No VIS;13;Fontibón;90284;Ed. Verona;
Cl. 149 # 91-55;Campiña;4.74436486;-74.0840197;No VIS;1;Suba;90285;Ed. La Campiña;
Av. Cl. 13 # 68F-25;Alsacia;4.639033519;-74.12483925;No VIS;121;Kennedy;90286;La Terra;
Cl. 176 # 58-;Villa del Prado;4.757428259;-74.05248962;VIS;218;Suba;90287;Prado Park;
Cl. 165 # 56A-45;Cantalejo;4.747222384;-74.05851911;No VIS;30;Suba;90288;Parque 165;
Cr. 58C # 128A-44;Las Villas;4.715736093;-74.07146821;No VIS;8;Suba;90289;Villas del Parque;
Cl. 128A # 51A-48;Niza;4.715635669;-74.07117141;No VIS;18;Suba;90290;Imbituba Aptos.;
Cr. 99 # 156D-03;El Salitre;4.756310404;-74.08606987;VIS;115;Suba;90291;Zuri;
Cl. 138 # 49-42;Prado Pinzón;4.724783627;-74.05442636;No VIS;24;Suba;90292;Parque 138;
Cl. 176 # 52-05;Villa del Prado;4.757529652;-74.05042505;No VIS;33;Suba;90293;Entre Verde Club;
Cl. 176 # 52-05;Villa del Prado;4.757529652;-74.05042505;VIS;91;Suba;90293;Entre Verde Club;
Cl. 183 # 8D-25;San Antonio;4.76106088;-74.03072199;No VIS;145;Usaquén;90294;Edificio Uno.83 *;
Cr. 94B # 130D-50;Costa Rica;4.729867994;-74.09078599;No VIS;10;Suba;90295;Costa Rica Aptos.;
Cl. 170 entre 9 y 15;Alameda;4.75273323;-74.03432293;VIS;412;Usaquén;90296;Ciudad La Salle - Lyon;
Cr. 13 Este # 66-15 Sur;Juan Rey;4.525341;-74.089557;VIS;17;San Cristóbal;407013;Mirador del Virrey II;
Cl. 10 Sur # 6-60 Este;San Cristobal Sur;4.572753;-74.077785;VIS;2;San Cristóbal;407014;Makapi San Cristobal;
Cl. 4 Sur # 18-35;San Antonio;4.59112;-74.094991;No VIS;7;Antonio Nariño;407018;Ed. San Antonio;
Cr. 12 Este # 64A-51;Valparaiso;4.525861;-74.090168;VIS;26;San Cristóbal;407022;Reserva del Cedro;
Cl. 34 Sur # 52-44;El Ingles;4.603573;-74.128508;No VIS;4;Puente Aranda;407024;Mult. Alcala II;
Cr. 24G # 14-44 Sur;Restrepo Occidental;4.59100627;-74.10263615;No VIS;6;Antonio Nariño;407029;Vilanova IV;
Cl. 28 Sur # 12-20 Este;San Cristobal Sur;4.56231069;-74.07978312;VIS;120;San Cristóbal;407032;Reserva del Turpial;
Cr. 7 0 # 7-24 Sur;Villa Javier;4.58144553;-74.08476265;No VIS;9;San Cristóbal;407035;Balcones de Oriente II;
Cl. 31 Sur # 9-03 Este;Ramajal;4.55626098;-74.08335843;VIS;49;San Cristóbal;407041;Buenos Aires;
Cl. 42Bis Sur # 12C-04;San Jorge;4.5676593;-74.11346614;VIS;133;Rafael Uribe Uribe;407042;Alameda de San Jorge;
Cr. 37 # 68C-61 Sur;Candelaria la Nueva;4.56855419;-74.15383837;VIS;22;Ciudad Bolívar;407043;Atacama;
Cr. 2 Este # 79-01 Sur;Yomasa;4.51065106;-74.10504875;VIP;3;Usme;407044;Senderos de la Sierra Vip;
Cr. 2C Este # 61-17 Sur;La Fiscala;4.53621623;-74.10985578;VIS;7;Usme;407057;Ed. Thoor;
Cl. 11 Sur # 1A-09;San Cristobal;4.57474332;-74.08211406;No VIS;14;San Cristóbal;407058;Santa Ana II;
Cl. 11 Sur # 7-49;San Javier;4.57910439;-74.08721182;No VIS;3;San Cristóbal;407059;Santa Ana I;
Cr. 10 # 19-33 Sur;Ciudad Jardin;4.57644042;-74.0944978;No VIS;53;Antonio Nariño;407061;Edif. Toledo;
Cr. 24B # 13-27 Sur;Restrepo;4.58913964;-74.10115293;No VIS;6;Antonio Nariño;407062;Balcones de la Valvanera;
Cr. 12B # 10-23 Sur;Ciudad Berna;4.58532337;-74.0925596;No VIS;2;Antonio Nariño;407063;Lumbi 12;
Cl. 31 Sur # 27-34;Eduardo Frey;4.58901915;-74.1152414;No VIS;1;Antonio Nariño;407064;Ed. Marcela;
Cr. 50B # 37A-21 Sur;Muzu;4.59829268;-74.12650478;No VIS;2;Puente Aranda;407065;Senderos del Río;
Cl. 37 Sur # 51-50;Muzu;4.60011348;-74.12704126;No VIS;2;Puente Aranda;407066;Trezano;
Cl. 31Bis Sur # 26D-06;Matatigres;4.58749775;-74.11550103;No VIS;19;Rafael Uribe Uribe;407067;Torre Riovista;
Dg. 48B Sur # 5L-80;Molinos;4.55989073;-74.11186101;VIS;166;Rafael Uribe Uribe;407072;Novo Molinos;
Cl. 10 Sur # 15-36;San Antonio;4.58815483;-74.09527471;No VIS;9;Antonio Nariño;407073;Ed. Jans III;
Dg. 51 Sur # 53B-10;Venecia;4.59032841;-74.14121431;No VIS;1;Tunjuelito;407075;Veneto II;
Cl. 26 Sur # 20-28;Olaya;4.58259157;-74.10707296;No VIS;20;Rafael Uribe Uribe;407076;Solario del Parque;
Cl. 60A Sur # 73-40;Galicia;4.592116318;-74.16948569;VIS;117;Ciudad Bolívar;407084;Bilbao Aptos;
Cl. 36A Sur # 10B-40 Este;Ramajal;4.555420593;-74.08279377;VIS;287;San Cristóbal;407085;Mirador de la Reserva;
